"Station Name","TORONTO"
"Province","ONTARIO"
"Latitude","43.67"
"Longitude","-79.40"
"Elevation","112.50"
"Climate Identifier","6158350"
"WMO Identifier","71266"
"TC Identifier",""

"Legend"
"A","Accumulated"
"B","More than one occurrence and estimated"
"C","Precipitation occurred, amount uncertain"
"E","Estimated"
"F","Accumulated and estimated"
"L","Precipitation may or may not have occurred"
"M","Missing"
"N","Temperature missing but known to be > 0"
"S","More than one occurrence"
"T","Trace"
"Y","Temperature missing but known to be < 0"
"[empty]","No data available"
"^","The value displayed is based on incomplete data"
"","Data for this day has undergone only preliminary quality checking"
"","Partner data that is not subject to review by the National Climate Archives"

"Month","Day","Average Max. Temp. (°C)","Average Min. Temp. (°C)","Frequency of Precip. (%)","Highest Temp. (°C)","Highest Temp.Year","Highest Temp. Period","Highest Temp. Data Quality","Lowest Temp. (°C)","Lowest Temp. Year","Lowest Temp. Period","Lowest Temp. Data Quality","Greatest Precip. (mm)","Greatest Precip. Year","Greatest Precip. Period","Greatest Precip. Data Quality","Greatest Rainfall (mm)","Greatest Rainfall Year","Greatest Rainfall Period","Greatest Rainfall Data Quality","Greatest Snowfall (cm)","Greatest Snowfall Year","Greatest Snowfall Period","Greatest Snowfall Data Quality","Most Snow on the Ground (cm)","Most Snow on the Ground Year","Most Snow on the Ground Period","Most Snow on the Ground Data Quality"
"1","1","-0.3","-6.3","50.0","14.4","1876","1841-2003",,"-21.1","1899","1841-2003",,"52.3","1932","1846-2015",,"29.5","1932","1841-2015",,"22.9","1932","1846-2015",,"31","2001","1955-2015",
"1","2","-0.4","-6.4","50.0","12.9","2000","1841-2003",,"-25.6","1887","1841-2003",,"52.0","1999","1846-2015",,"25.4","1870","1841-2015",,"38.0","1999","1846-2015",,"31","2001","1955-2015",
"1","3","-0.5","-6.5","50.0","12.2","1950","1841-2003",,"-27.2","1887","1841-2003",,"24.1","1907","1846-2015",,"24.1","1907","1841-2015",,"15.7","1924","1846-2015",,"35","1999","1955-2015",
"1","4","-0.6","-6.6","50.0","14.4","1874","1841-2003",,"-26.9","1981","1841-2003",,"33.0","1886","1846-2015",,"33.0","1886","1841-2015",,"10.2","1952","1846-2015",,"29","1999","1955-2015",
"1","5","-0.6","-6.7","50.0","11.1","1946","1841-2003",,"-23.3","1904","1841-2003",,"30.5","1929","1846-2015",,"30.5","1929","1841-2015",,"18.8","1873","1846-2015",,"34","2001","1955-2015",
"1","6","-0.7","-6.8","50.0","13.9","1946","1841-2003",,"-23.9","1896","1841-2003",,"19.1","1950","1846-2015",,"48.3","1841","1841-2015",,"19.1","1950","1846-2015",,"33","2001","1955-2015",
"1","7","-0.8","-6.9","50.0","8.9","1855","1841-2003",,"-25.0","1866","1841-2003",,"26.2","1998","1846-2015",,"26.2","1998","1841-2015",,"16.8","1905","1846-2015",,"33","2001","1955-2015",
"1","8","-0.8","-7.0","50.0","11.7","1937","1841-2003",,"-25.6","1866","1841-2003",,"34.8","1935","1846-2015",,"34.8","1935","1841-2015",,"28.2","1884","1846-2015",,"33","2001","1955-2015",
"1","9","-0.9","-7.1","50.0","12.2","1965","1841-2003",,"-24.4","1856","1841-2003",,"20.3","1887","1846-2015",,"17.8","1964","1841-2015",,"20.3","1887","1846-2015",,"34","1999","1955-2015",
"1","10","-1.0","-7.2","50.0","12.2","1975","1841-2003",,"-32.8","1859","1841-2003",,"23.1","1878","1846-2015",,"23.9","1843","1841-2015",,"17.8","1865","1846-2015",,"33","1999","1955-2015",
"1","11","-1.0","-7.3","50.0","12.2","1880","1841-2003",,"-27.8","1893","1841-2003",,"21.6","1991","1846-2015",,"19.2","1980","1841-2015",,"19.1","1923","1846-2015",,"33","1977","1955-2015",
"1","12","-1.1","-7.3","50.0","10.6","1932","1841-2003",,"-25.6","1877","1841-2003",,"25.1","2013","1846-2015","","36.1","1844","1841-2015",,"21.0","1999","1846-2015",,"40","1999","1955-2015",
"1","13","-1.1","-7.4","50.0","13.3","1932","1841-2003",,"-30.0","1914","1841-2003",,"42.4","1937","1846-2015",,"42.4","1937","1841-2015",,"13.7","1976","1846-2015",,"57","1999","1955-2015",
"1","14","-1.2","-7.5","50.0","14.7","1995","1841-2003",,"-25.0","1914","1841-2003",,"33.8","1899","1846-2015",,"33.8","1899","1841-2015",,"26.6","1999","1846-2015",,"52","1999","1955-2015",
"1","15","-1.2","-7.5","50.0","11.1","1953","1841-2003",,"-24.8","1994","1841-2003",,"44.8","1995","1846-2015",,"44.8","1995","1841-2015",,"29.2","1968","1846-2015",,"65","1999","1955-2015",
"1","16","-1.2","-7.6","50.0","11.1","1949","1841-2003",,"-25.9","1994","1841-2003",,"26.9","1924","1846-2015",,"25.4","1924","1841-2015",,"25.4","1920","1846-2015",,"55","1999","1955-2015",
"1","17","-1.3","-7.6","50.0","11.1","1913","1841-2003",,"-27.2","1857","1841-2003",,"33.0","2006","1846-2015",,"33.0","2006","1841-2015",,"15.2","1883","1846-2015",,"52","1999","1955-2015",
"1","18","-1.3","-7.6","50.0","13.4","1996","1841-2003",,"-27.8","1857","1841-2003",,"34.5","1929","1846-2015",,"34.5","1929","1841-2015",,"26.7","1895","1846-2015",,"45","1999","1955-2015",
"1","19","-1.3","-7.7","50.0","12.8","1933","1841-2003",,"-23.9","1852","1841-2003",,"25.4","1864","1846-2015",,"16.5","1933","1841-2015",,"25.4","1864","1846-2015",,"39","1999","1955-2015",
"1","20","-1.4","-7.7","50.0","11.7","1921","1841-2003",,"-23.3","1892","1841-2003",,"38.1","1867","1846-2015",,"31.8","1842","1841-2015",,"38.1","1867","1846-2015",,"37","1999","1955-2015",
"1","21","-1.4","-7.7","50.0","13.3","1906","1841-2003",,"-25.0","1857","1841-2003",,"22.4","2010","1846-2015","","22.4","2010","1841-2015","","16.0","1881","1846-2015",,"35","1999","1955-2015",
"1","22","-1.4","-7.7","50.0","13.9","1906","1841-2003",,"-28.9","1857","1841-2003",,"37.1","1957","1846-2015",,"26.9","1957","1841-2015",,"33.5","1902","1846-2015",,"34","1999","1955-2015",
"1","23","-1.4","-7.7","50.0","13.9","1967","1841-2003",,"-27.2","1857","1841-2003",,"39.1","1966","1846-2015",,"19.3","1898","1841-2015",,"39.9","1966","1846-2015",,"36","1966","1955-2015",
"1","24","-1.4","-7.7","50.0","13.9","1909","1841-2003",,"-27.2","1882","1841-2003",,"48.8","1979","1846-2015",,"41.8","1979","1841-2015",,"38.9","1873","1846-2015",,"38","1966","1955-2015",
"1","25","-1.4","-7.7","50.0","16.1","1967","1841-2003",,"-25.0","1884","1841-2003",,"17.8","1855","1846-2015",,"14.7","1964","1841-2015",,"17.8","1855","1846-2015",,"36","1966","1955-2015",
"1","26","-1.4","-7.7","50.0","11.7","1950","1841-2003",,"-27.2","1927","1841-2003",,"20.8","1849","1846-2015",,"20.8","1849","1841-2015",,"20.3","1895","1846-2015",,"36","1970","1955-2015",
"1","27","-1.4","-7.7","50.0","10.4","2002","1841-2003",,"-23.9","1925","1841-2003",,"40.4","1967","1846-2015",,"19.4","1994","1841-2015",,"19.2","2004","1846-2015",,"33","1966","1955-2015",
"1","28","-1.4","-7.6","50.0","11.1","1916","1841-2003",,"-25.0","1873","1841-2003",,"15.2","1871","1846-2015",,"11.2","1975","1841-2015",,"15.2","1871","1846-2015",,"30","1966","1955-2015",
"1","29","-1.3","-7.6","50.0","12.2","1914","1841-2003",,"-27.8","1873","1841-2003",,"22.0","2013","1846-2015","","22.0","2013","1841-2015","","15.5","1947","1846-2015",,"35","2009","1955-2015",""
"1","30","-1.3","-7.6","50.0","10.0","1914","1841-2003",,"-25.6","1898","1841-2003",,"19.1","1956","1846-2015",,"16.3","1969","1841-2015",,"19.1","1956","1846-2015",,"35","2009","1955-2015",""
"1","31","-1.3","-7.5","50.0","12.0","1988","1841-2003",,"-27.8","1920","1841-2003",,"23.4","1864","1846-2015",,"63.5","1843","1841-2015",,"18.0","1982","1846-2015",,"34","2009","1955-2015",""
"2","1","-1.3","-7.5","41.0","7.2","1933","1841-2003",,"-22.8","1860","1841-2003",,"27.4","1968","1846-2015",,"27.4","1968","1841-2015",,"24.9","1908","1846-2015",,"30","1966","1955-2015",
"2","2","-1.2","-7.4","41.0","8.9","1973","1841-2003",,"-26.1","1881","1841-2003",,"22.7","1983","1846-2015",,"39.9","1842","1841-2015",,"16.8","1967","1846-2015",,"33","1967","1955-2015",
"2","3","-1.2","-7.3","41.0","10.0","1842","1841-2003",,"-26.1","1855","1841-2003",,"29.2","1883","1846-2015",,"21.6","1952","1841-2015",,"24.1","1910","1846-2015",,"28","1967","1955-2015",
"2","4","-1.2","-7.3","41.0","12.2","1890","1841-2003",,"-28.9","1863","1841-2003",,"32.4","2006","1846-2015",,"28.4","2006","1841-2015",,"15.2","1900","1846-2015",,"34","1982","1955-2015",
"2","5","-1.1","-7.2","41.0","12.2","1890","1841-2003",,"-31.7","1855","1841-2003",,"40.6","1863","1846-2015",,"25.7","1938","1841-2015",,"40.6","1863","1846-2015",,"33","1982","1955-2015",
"2","6","-1.0","-7.1","41.0","10.6","1938","1841-2003",,"-31.7","1855","1841-2003",,"36.6","1897","1846-2015",,"36.6","1897","1841-2015",,"27.7","1911","1846-2015",,"38","1982","1955-2015",
"2","7","-1.0","-7.1","41.0","10.6","1857","1841-2003",,"-26.1","1875","1841-2003",,"20.6","1933","1846-2015",,"13.5","1914","1841-2015",,"20.3","1861","1846-2015",,"36","1982","1955-2015",
"2","8","-0.9","-7.0","41.0","10.0","1925","1841-2003",,"-29.4","1861","1841-2003",,"39.4","2001","1846-2015",,"26.0","2001","1841-2015",,"17.8","1903","1846-2015",,"35","1982","1955-2015",
"2","9","-0.9","-6.9","41.0","11.1","1990","1841-2003",,"-28.3","1934","1841-2003",,"22.9","1894","1846-2015",,"16.0","1863","1841-2015",,"17.8","1896","1846-2015",,"36","1982","1955-2015",
"2","10","-0.8","-6.8","41.0","12.2","1965","1841-2003",,"-28.3","1912","1841-2003",,"29.2","1981","1846-2015",,"29.0","1943","1841-2015",,"14.5","1959","1846-2015",,"35","1982","1955-2015",
"2","11","-0.7","-6.7","41.0","12.2","1999","1841-2003",,"-25.0","1885","1841-2003",,"36.8","2009","1846-2015","","36.8","2009","1841-2015","","21.4","1988","1846-2015",,"34","1982","1955-2015",
"2","12","-0.6","-6.6","41.0","11.1","1880","1841-2003",,"-28.3","1856","1841-2003",,"19.6","1985","1846-2015",,"18.8","1918","1841-2015",,"17.8","2008","1846-2015","","33","1982","1955-2015",
"2","13","-0.5","-6.5","41.0","12.0","1990","1841-2003",,"-28.3","1856","1841-2003",,"43.4","1855","1846-2015",,"43.4","1855","1841-2015",,"20.3","1950","1846-2015",,"41","2008","1955-2015",""
"2","14","-0.4","-6.4","41.0","9.2","1984","1841-2003",,"-23.9","1856","1841-2003",,"45.7","1850","1846-2015",,"20.3","1949","1841-2015",,"45.7","1850","1846-2015",,"40","2008","1955-2015",""
"2","15","-0.3","-6.3","41.0","13.9","1954","1841-2003",,"-29.4","1943","1841-2003",,"41.1","1857","1846-2015",,"41.1","1857","1841-2015",,"25.4","1846","1846-2015",,"38","2008","1955-2015",""
"2","16","-0.2","-6.2","41.0","11.7","1921","1841-2003",,"-25.0","1896","1841-2003",,"30.7","1954","1846-2015",,"18.8","2006","1841-2015",,"23.6","1954","1846-2015",,"38","2008","1955-2015",""
"2","17","-0.1","-6.1","41.0","11.1","1857","1841-2003",,"-27.2","1896","1841-2003",,"31.5","1871","1846-2015",,"23.8","1998","1841-2015",,"30.5","1871","1846-2015",,"35","2008","1955-2015",""
"2","18","0.0","-6.0","41.0","11.7","1949","1841-2003",,"-23.9","1885","1841-2003",,"22.9","1860","1846-2015",,"15.2","1842","1841-2015",,"22.9","1860","1846-2015",,"27","2014","1955-2015",""
"2","19","0.2","-5.9","41.0","11.1","1948","1841-2003",,"-21.7","1864","1841-2003",,"27.9","1939","1846-2015",,"24.4","1939","1841-2015",,"20.3","1862","1846-2015",,"25","1962","1955-2015",
"2","20","0.3","-5.8","41.0","11.7","1913","1841-2003",,"-24.4","1950","1841-2003",,"45.7","1846","1846-2015",,"23.0","2014","1841-2015","","45.7","1846","1846-2015",,"23","1962","1955-2015",
"2","21","0.4","-5.7","41.0","11.2","1997","1841-2003",,"-22.8","1896","1841-2003",,"27.9","1950","1846-2015",,"20.3","1976","1841-2015",,"27.9","1950","1846-2015",,"26","2015","1955-2015",""
"2","22","0.6","-5.5","41.0","10.6","1981","1841-2003",,"-23.3","1868","1841-2003",,"34.4","1990","1846-2015",,"34.2","1990","1841-2015",,"20.6","1900","1846-2015",,"28","1962","1955-2015",
"2","23","0.7","-5.4","41.0","13.9","1984","1841-2003",,"-24.4","1868","1841-2003",,"40.1","1925","1846-2015",,"40.1","1925","1841-2015",,"22.9","1869","1846-2015",,"28","1993","1955-2015",
"2","24","0.9","-5.3","41.0","12.3","1984","1841-2003",,"-24.4","1855","1841-2003",,"30.5","1868","1846-2015",,"21.8","2001","1841-2015",,"30.5","1868","1846-2015",,"33","1962","1955-2015",
"2","25","1.0","-5.1","41.0","14.4","1976","1841-2003",,"-20.6","1862","1841-2003",,"52.6","1965","1846-2015",,"24.9","1926","1841-2015",,"33.0","1960","1846-2015",,"33","1962","1955-2015",
"2","26","1.2","-5.0","41.0","10.7","2000","1841-2003",,"-24.4","1846","1841-2003",,"39.0","2013","1846-2015","","19.0","2013","1841-2015","","19.8","1946","1846-2015",,"30","1962","1955-2015",
"2","27","1.3","-4.8","41.0","13.0","2000","1841-2003",,"-26.7","1846","1841-2003",,"25.7","2013","1846-2015","","21.3","2013","1841-2015","","17.8","1873","1846-2015",,"30","2007","1955-2015",""
"2","28","1.5","-4.7","41.0","12.2","1954","1841-2003",,"-27.2","1846","1841-2003",,"25.4","1900","1846-2015",,"19.6","1902","1841-2015",,"25.4","1900","1846-2015",,"24","2015","1955-2015",""
"2","29","1.5","-4.7","41.0","12.2","1976","1844-2000",,"-22.4","1980","1844-2000",,"25.4","1904","1852-2012",,"9.9","1860","1844-2012",,"23.9","1904","1852-2012",,"23","1960","1956-2012",
"3","1","1.7","-4.5","41.0","11.3","1991","1840-2003",,"-21.7","1884","1840-2003",,"35.6","1976","1846-2015",,"23.6","1954","1840-2015",,"20.3","1875","1846-2015",,"29","2005","1955-2015",
"3","2","1.9","-4.4","41.0","16.1","1991","1840-2003",,"-21.1","1852","1840-2003",,"27.2","1976","1846-2015",,"22.4","1854","1840-2015",,"14.0","1948","1846-2015",,"33","2005","1955-2015",
"3","3","2.0","-4.2","41.0","16.7","1974","1840-2003",,"-26.7","1868","1840-2003",,"25.4","1862","1846-2015",,"23.6","1953","1840-2015",,"20.3","1875","1846-2015",,"33","2005","1955-2015",
"3","4","2.2","-4.0","41.0","15.0","1840","1840-2003",,"-20.6","1858","1840-2003",,"39.1","1985","1846-2015",,"30.2","1974","1840-2015",,"20.4","1985","1846-2015",,"33","2005","1955-2015",
"3","5","2.4","-3.9","41.0","13.3","1894","1840-2003",,"-23.9","1872","1840-2003",,"23.9","1851","1846-2015",,"17.3","1899","1840-2015",,"22.6","1917","1846-2015",,"32","2005","1955-2015",
"3","6","2.6","-3.7","41.0","13.9","1974","1840-2003",,"-20.6","1852","1840-2003",,"36.6","1900","1846-2015",,"36.6","1900","1840-2015",,"20.3","1943","1846-2015",,"32","2005","1955-2015",
"3","7","2.8","-3.6","41.0","17.9","1987","1840-2003",,"-20.0","1861","1840-2003",,"23.0","2009","1846-2015","","23.0","2009","1840-2015","","13.7","1975","1846-2015",,"25","2003","1955-2015",
"3","8","3.0","-3.4","41.0","19.8","2000","1840-2003",,"-25.6","1856","1840-2003",,"31.8","1931","1846-2015",,"23.6","1942","1840-2015",,"31.8","1931","1846-2015",,"27","2008","1955-2015",""
"3","9","3.1","-3.2","41.0","21.3","2000","1840-2003",,"-25.6","1856","1840-2003",,"17.5","1854","1846-2015",,"17.5","1854","1840-2015",,"15.0","1994","1846-2015",,"46","2008","1955-2015",""
"3","10","3.3","-3.1","41.0","16.1","1977","1840-2003",,"-24.4","1856","1840-2003",,"29.7","1949","1846-2015",,"25.1","2011","1840-2015","","29.7","1949","1846-2015",,"45","2008","1955-2015",""
"3","11","3.5","-2.9","41.0","15.0","1927","1840-2003",,"-18.9","1885","1840-2003",,"29.2","1871","1846-2015",,"26.9","1936","1840-2015",,"20.1","1941","1846-2015",,"45","2008","1955-2015",""
"3","12","3.7","-2.7","41.0","15.0","1977","1840-2003",,"-20.0","1865","1840-2003",,"30.0","1977","1846-2015",,"30.0","1977","1840-2015",,"21.8","1968","1846-2015",,"47","2008","1955-2015",""
"3","13","3.9","-2.6","41.0","20.4","1990","1840-2003",,"-18.3","1888","1840-2003",,"26.2","2010","1846-2015","","26.2","2010","1840-2015","","22.9","1870","1846-2015",,"46","2008","1955-2015",""
"3","14","4.1","-2.4","41.0","19.4","1946","1840-2003",,"-18.9","1895","1840-2003",,"23.9","1973","1846-2015",,"23.9","1973","1840-2015",,"16.8","1951","1846-2015",,"40","2008","1955-2015",""
"3","15","4.3","-2.2","41.0","20.6","1973","1840-2003",,"-18.9","1900","1840-2003",,"26.7","1862","1846-2015",,"24.1","1899","1840-2015",,"25.4","1870","1846-2015",,"32","2008","1955-2015",""
"3","16","4.5","-2.0","41.0","20.0","1945","1840-2003",,"-19.4","1885","1840-2003",,"36.8","1942","1846-2015",,"36.8","1942","1840-2015",,"25.4","1870","1846-2015",,"25","2008","1955-2015",""
"3","17","4.7","-1.9","41.0","17.8","1945","1840-2003",,"-22.2","1885","1840-2003",,"37.6","1973","1846-2015",,"24.4","1919","1840-2015",,"25.4","1936","1846-2015",,"23","2008","1955-2015",""
"3","18","4.9","-1.7","41.0","18.3","1966","1840-2003",,"-20.6","1861","1840-2003",,"41.4","1859","1846-2015",,"41.1","1859","1840-2015",,"11.9","1977","1846-2015",,"20","2008","1955-2015",""
"3","19","5.1","-1.5","41.0","21.1","1842","1840-2003",,"-17.2","1872","1840-2003",,"43.7","1881","1846-2015",,"43.7","1881","1840-2015",,"21.6","1883","1846-2015",,"19","2008","1955-2015",""
"3","20","5.3","-1.3","41.0","19.4","1903","1840-2003",,"-20.0","1872","1840-2003",,"22.9","1862","1846-2015",,"18.3","1848","1840-2015",,"22.9","1862","1846-2015",,"18","2008","1955-2015",""
"3","21","5.5","-1.2","41.0","16.7","1938","1841-2003",,"-20.6","1883","1841-2003",,"38.1","1867","1846-2015",,"28.7","1849","1840-2015",,"38.1","1867","1846-2015",,"17","2008","1955-2015",""
"3","22","5.7","-1.0","41.0","22.8","1938","1840-2003",,"-22.2","1885","1840-2003",,"14.6","2010","1846-2015","","14.6","2010","1840-2015","","7.1","1879","1846-2015",,"18","1998","1955-2015",
"3","23","5.9","-0.8","41.0","20.0","1935","1840-2003",,"-18.3","1906","1840-2003",,"15.7","1883","1846-2015",,"12.4","1926","1840-2015",,"15.7","1883","1846-2015",,"16","1998","1955-2015",
"3","24","6.2","-0.6","41.0","21.7","1928","1840-2003",,"-16.7","1888","1840-2003",,"21.3","1913","1846-2015",,"39.4","1842","1840-2015",,"9.1","1856","1846-2015",,"16","2011","1955-2015",""
"3","25","6.4","-0.4","41.0","20.4","2000","1840-2003",,"-15.6","1885","1840-2003",,"35.6","1930","1846-2015",,"24.1","1930","1840-2015",,"12.2","1955","1846-2015",,"14","2008","1955-2015",""
"3","26","6.6","-0.2","41.0","21.1","1921","1840-2003",,"-15.6","1923","1840-2003",,"31.0","1877","1846-2015",,"31.0","1877","1840-2015",,"24.6","1873","1846-2015",,"14","2008","1955-2015",""
"3","27","6.8","0.0","41.0","23.3","1945","1840-2003",,"-14.4","1873","1840-2003",,"40.6","1870","1846-2015",,"23.0","1991","1840-2015",,"40.6","1870","1846-2015",,"24","1955","1955-2015",
"3","28","7.0","0.2","41.0","26.7","1946","1840-2003",,"-15.0","1923","1840-2003",,"28.7","1878","1846-2015",,"28.7","1878","1840-2015",,"26.7","1876","1846-2015",,"14","1955","1955-2015",
"3","29","7.2","0.3","41.0","23.3","1946","1840-2003",,"-15.6","1923","1840-2003",,"19.4","2009","1846-2015","","19.4","2009","1840-2015","","14.5","1876","1846-2015",,"8","1955","1955-2015",
"3","30","7.4","0.5","41.0","24.7","1998","1840-2003",,"-11.7","1856","1840-2003",,"35.6","1922","1846-2015",,"21.6","1951","1840-2015",,"21.6","1922","1846-2015",,"5","1959","1955-2015",
"3","31","7.7","0.7","41.0","25.7","1998","1840-2003",,"-16.1","1923","1840-2003",,"33.0","1926","1846-2015",,"30.5","1945","1840-2015",,"15.2","1889","1846-2015",,"11","1987","1955-2015",
"4","1","7.9","0.9","42.0","23.9","1986","1840-2003",,"-15.0","1923","1840-2003",,"16.0","1929","1842-2015",,"15.7","1929","1840-2015",,"15.2","1861","1842-2015",,"18","1987","1955-2015",
"4","2","8.1","1.1","42.0","19.4","1967","1840-2003",,"-14.4","1857","1840-2003",,"34.2","2005","1842-2015",,"23.8","2005","1840-2015",,"13.5","1975","1842-2015",,"8","1987","1955-2015",
"4","3","8.3","1.3","42.0","20.8","1981","1840-2003",,"-11.7","1954","1840-2003",,"59.7","1850","1844-2015",,"59.7","1850","1840-2015",,"10.4","1975","1842-2015",,"8","1964","1955-2015",
"4","4","8.6","1.5","42.0","21.7","1974","1840-2003",,"-12.2","1874","1840-2003",,"31.0","1984","1844-2015",,"31.0","1984","1840-2015",,"12.0","1979","1842-2015",,"8","1975","1955-2015",
"4","5","8.8","1.7","42.0","23.9","1921","1840-2003",,"-12.8","1868","1840-2003",,"46.2","1929","1842-2015",,"46.2","1929","1840-2015",,"20.3","1852","1842-2015",,"11","1996","1955-2015",
"4","6","9.0","1.9","42.0","23.3","1929","1840-2003",,"-9.4","1868","1840-2003",,"19.8","1958","1844-2015",,"19.6","1942","1840-2015",,"14.0","1886","1842-2015",,"8","1975","1955-2015",
"4","7","9.2","2.1","42.0","23.2","1991","1840-2003",,"-11.7","1972","1840-2003",,"31.8","1893","1844-2015",,"31.0","1893","1840-2015",,"16.3","1967","1842-2015",,"8","1972","1955-2015",
"4","8","9.5","2.3","42.0","25.6","2001","1840-2003",,"-10.0","1972","1840-2003",,"38.6","1991","1844-2015",,"38.6","1991","1840-2015",,"19.0","1979","1842-2015",,"8","2003","1955-2015",
"4","9","9.7","2.5","42.0","22.8","1955","1840-2003",,"-8.5","1997","1840-2003",,"32.5","1864","1842-2015",,"32.5","1864","1840-2015",,"10.4","1897","1842-2015",,"19","1979","1955-2015",
"4","10","9.9","2.7","42.0","25.6","1922","1840-2003",,"-6.7","1841","1840-2003",,"29.2","1859","1842-2015",,"29.2","1859","1840-2015",,"17.8","1939","1842-2015",,"18","1979","1955-2015",
"4","11","10.2","2.9","42.0","25.0","1977","1841-2003",,"-8.9","1909","1841-2003",,"40.9","1922","1842-2015",,"40.9","1922","1840-2015",,"10.2","1940","1842-2015",,"7","1979","1955-2015",
"4","12","10.4","3.1","42.0","25.0","1977","1840-2003",,"-7.8","1874","1840-2003",,"46.7","1951","1842-2015",,"46.7","1951","1840-2015",,"11.9","1932","1842-2015",,"1","1990","1955-2015",
"4","13","10.7","3.3","42.0","28.3","1977","1840-2003",,"-7.2","1868","1840-2003",,"21.6","1979","1842-2015",,"21.6","1979","1840-2015",,"3.8","1864","1842-2015",,"0","1955","1955-2015",
"4","14","10.9","3.5","42.0","23.3","1910","1840-2003",,"-6.7","1885","1840-2003",,"45.2","1903","1842-2015",,"45.2","1903","1840-2015",,"2.9","2014","1842-2015","","0","1955","1955-2015",
"4","15","11.1","3.7","42.0","25.8","2003","1840-2003",,"-8.9","1849","1840-2003",,"34.8","1954","1842-2011",,"34.8","1954","1840-2011",,"14.0","1893","1842-2011",,"3","2014","1955-2015",""
"4","16","11.4","3.9","42.0","26.6","2002","1840-2003",,"-8.3","1875","1840-2003",,"33.4","1992","1842-2011",,"33.4","1992","1840-2011",,"8.6","1943","1842-2011",,"0","1955","1955-2011",
"4","17","11.6","4.1","42.0","26.7","1976","1840-2003",,"-9.4","1875","1840-2003",,"28.7","1939","1842-2011",,"28.7","1939","1840-2011",,"10.2","1965","1842-2011",,"0","1955","1955-2011",
"4","18","11.9","4.3","42.0","26.7","1976","1840-2003",,"-12.2","1875","1840-2003",,"37.8","1869","1842-2010",,"37.8","1869","1840-2010",,"3.8","1947","1842-2010",,"8","1965","1955-2011",
"4","19","12.1","4.6","42.0","26.7","1976","1840-2003",,"-6.1","1847","1840-2003",,"29.5","1963","1842-2010",,"29.5","1963","1840-2010",,"4.6","1857","1842-2010",,"0","1955","1955-2010",
"4","20","12.3","4.8","42.0","27.2","1923","1840-2003",,"-7.2","1904","1840-2003",,"46.2","1893","1842-2010",,"46.2","1893","1840-2010",,"21.1","1901","1842-2010",,"1","1983","1955-2010",
"4","21","12.6","5.0","42.0","27.8","1987","1840-2003",,"-6.7","1875","1840-2003",,"39.6","1862","1842-2010",,"39.6","1862","1840-2010",,"11.9","1928","1842-2010",,"0","1955","1955-2010",
"4","22","12.8","5.2","42.0","32.2","1842","1840-2003",,"-3.9","1904","1840-2003",,"28.4","1977","1842-2010",,"28.4","1977","1840-2010",,"8.9","1867","1842-2010",,"1","2002","1955-2010",
"4","23","13.1","5.4","42.0","23.9","1886","1840-2003",,"-4.4","1873","1840-2003",,"27.4","1866","1842-2010",,"27.4","1866","1840-2010",,"7.6","1963","1842-2010",,"0","1955","1955-2010",
"4","24","13.3","5.6","42.0","27.2","1942","1840-2003",,"-6.1","1892","1840-2003",,"21.8","1886","1842-2010",,"21.8","1886","1840-2010",,"3.3","1875","1842-2010",,"0","1955","1955-2010",
"4","25","13.6","5.8","42.0","31.2","1990","1840-2003",,"-6.7","1892","1840-2003",,"36.1","1842","1842-2010",,"36.1","1842","1840-2010",,"10.2","1976","1842-2010",,"0","1955","1955-2010",
"4","26","13.8","6.0","42.0","30.8","1990","1840-2003",,"-3.9","1892","1840-2003",,"31.8","1885","1842-2010",,"31.8","1885","1840-2010",,"5.1","1854","1842-2010",,"5","1976","1955-2010",
"4","27","14.1","6.2","42.0","30.6","1962","1840-2003",,"-3.9","1874","1840-2003",,"26.2","1871","1842-2010",,"26.2","1871","1840-2010",,"2.0","1966","1842-2010",,"0","1955","1955-2010",
"4","28","14.3","6.4","42.0","26.7","1915","1840-2003",,"-5.0","1847","1840-2003",,"40.6","1865","1842-2010",,"40.6","1865","1840-2010",,"2.0","1885","1842-2010",,"0","1955","1955-2010",
"4","29","14.6","6.6","42.0","26.7","1941","1840-2003",,"-3.3","1874","1840-2003",,"29.5","1921","1842-2006",,"29.5","1921","1840-2006",,"8.6","1909","1842-2006",,"0","1955","1955-2010",
"4","30","14.9","6.8","42.0","27.8","1941","1840-2003",,"-2.8","1874","1840-2003",,"26.2","1852","1842-2006",,"33.3","1845","1840-2006",,"6.4","1908","1842-2006",,"0","1955","1955-2006",
"5","1","15.1","7.0","41.0","28.3","1913","1840-2003",,"-2.8","1847","1840-2003",,"22.9","1875","1840-2003",,"20.6","1869","1840-2003",,"7.6","1875","1840-2003",,"3","1963","1955-2003",
"5","2","15.4","7.2","41.0","30.6","1913","1840-2003",,"-2.8","1841","1840-2003",,"39.4","1992","1840-2003",,"39.4","1992","1840-2003",,"1.5","1909","1840-2003",,"0","1955","1955-2003",
"5","3","15.6","7.4","41.0","30.5","2001","1840-2003",,"-3.9","1867","1840-2003",,"24.2","1984","1840-2003",,"24.2","1984","1840-2003",,"0.5","1911","1840-2003",,"0","1955","1955-2003",
"5","4","15.9","7.6","41.0","31.7","1949","1840-2003",,"-2.2","1841","1840-2003",,"38.1","1871","1840-2003",,"38.1","1871","1840-2003",,"3.8","1907","1840-2003",,"0","1955","1955-2003",
"5","5","16.1","7.9","41.0","31.1","1949","1840-2003",,"-1.7","1854","1840-2003",,"35.8","1868","1840-2003",,"35.8","1868","1840-2003",,"0.8","1891","1840-2003",,"0","1955","1955-2003",
"5","6","16.4","8.1","41.0","30.4","2000","1840-2003",,"-3.9","1854","1840-2003",,"47.0","1861","1840-2003",,"47.0","1861","1840-2003",,"0.0","1840","1840-2003",,"0","1955","1955-2003",
"5","7","16.6","8.3","41.0","30.6","1930","1840-2003",,"-3.9","1874","1840-2003",,"40.1","1960","1840-2003",,"40.1","1960","1840-2003",,"0.8","1855","1840-2003",,"0","1955","1955-2003",
"5","8","16.8","8.4","41.0","32.2","1936","1840-2003",,"-2.8","1842","1840-2003",,"23.9","1860","1840-2003",,"23.9","1860","1840-2003",,"1.5","1855","1840-2003",,"0","1955","1955-2003",
"5","9","17.1","8.6","41.0","31.7","1896","1840-2003",,"-1.7","1850","1840-2003",,"27.7","1956","1840-2003",,"27.7","1956","1840-2003",,"3.3","1923","1840-2003",,"0","1955","1955-2003",
"5","10","17.3","8.8","41.0","31.1","1896","1840-2003",,"-2.8","1923","1840-2003",,"31.5","1841","1840-2003",,"31.5","1841","1840-2003",,"0.5","1923","1840-2003",,"0","1955","1955-2003",
"5","11","17.5","9.0","41.0","29.4","1881","1840-2003",,"-3.3","1857","1840-2003",,"40.4","1858","1840-2003",,"40.4","1858","1840-2003",,"0.0","1840","1840-2003",,"0","1955","1955-2003",
"5","12","17.7","9.2","41.0","32.2","1881","1840-2003",,"-3.3","1907","1840-2003",,"67.8","2000","1840-2003",,"67.8","2000","1840-2003",,"1.3","1966","1840-2003",,"0","1955","1955-2003",
"5","13","17.9","9.4","41.0","27.8","1879","1840-2003",,"-2.2","1895","1840-2003",,"56.4","1868","1840-2003",,"56.4","1868","1840-2003",,"0.3","1912","1840-2003",,"0","1955","1955-2003",
"5","14","18.2","9.6","41.0","30.6","1900","1840-2003",,"-1.1","1873","1840-2003",,"23.1","1929","1840-2003",,"23.1","1929","1840-2003",,"0.0","1840","1840-2003",,"0","1955","1955-2003",
"5","15","18.4","9.8","41.0","30.6","1951","1840-2003",,"0.0","1871","1840-2003",,"51.8","1942","1840-2003",,"51.8","1942","1840-2003",,"0.5","1959","1840-2003",,"0","1955","1955-2003",
"5","16","18.6","10.0","41.0","31.7","1962","1840-2003",,"-0.6","1845","1840-2003",,"59.2","1893","1840-2003",,"59.2","1893","1840-2003",,"0.3","1884","1840-2003",,"0","1955","1955-2003",
"5","17","18.8","10.1","41.0","33.3","1962","1840-2003",,"0.0","1852","1840-2003",,"55.9","1865","1840-2003",,"55.9","1865","1840-2003",,"0.0","1840","1840-2003",,"0","1955","1955-2003",
"5","18","19.0","10.3","41.0","34.4","1962","1840-2003",,"-1.1","1843","1840-2003",,"41.4","1904","1840-2003",,"41.4","1904","1840-2003",,"0.0","1840","1840-2003",,"0","1955","1955-2003",
"5","19","19.2","10.5","41.0","31.1","1964","1840-2003",,"0.6","1850","1840-2003",,"31.5","1894","1840-2003",,"31.5","1894","1840-2003",,"0.0","1840","1840-2003",,"0","1955","1955-2003",
"5","20","19.4","10.7","41.0","30.6","1921","1840-2003",,"-1.1","1842","1840-2003",,"47.2","1894","1840-2003",,"47.2","1894","1840-2003",,"0.0","1840","1840-2003",,"0","1955","1955-2003",
"5","21","19.6","10.9","41.0","32.2","1941","1840-2003",,"-1.1","1895","1840-2003",,"68.6","1894","1840-2003",,"68.6","1894","1840-2003",,"0.0","1840","1840-2003",,"0","1955","1955-2003",
"5","22","19.8","11.0","41.0","33.3","1964","1840-2003",,"-1.7","1844","1840-2003",,"52.4","2001","1840-2003",,"52.4","2001","1840-2003",,"0.0","1840","1840-2003",,"0","1955","1955-2003",
"5","23","19.9","11.2","41.0","31.1","1936","1840-2003",,"0.6","1845","1840-2003",,"33.8","2003","1840-2003",,"33.8","2003","1840-2003",,"0.0","1840","1840-2003",,"0","1955","1955-2003",
"5","24","20.1","11.4","41.0","29.4","1980","1840-2003",,"0.6","1891","1840-2003",,"40.6","1952","1840-2003",,"40.6","1952","1840-2003",,"0.0","1840","1840-2003",,"0","1955","1955-2003",
"5","25","20.3","11.5","41.0","28.9","1978","1840-2003",,"1.1","1845","1840-2003",,"27.4","1955","1840-2003",,"27.4","1955","1840-2003",,"0.0","1840","1840-2003",,"0","1955","1955-2003",
"5","26","20.5","11.7","41.0","30.6","1914","1840-2003",,"1.7","1889","1840-2003",,"30.2","1858","1840-2003",,"30.2","1858","1840-2003",,"0.0","1840","1840-2003",,"0","1955","1955-2003",
"5","27","20.6","11.9","41.0","29.4","1914","1840-2003",,"2.2","1847","1840-2003",,"32.8","1866","1840-2003",,"32.8","1866","1840-2003",,"0.0","1840","1840-2003",,"0","1955","1955-2003",
"5","28","20.8","12.0","41.0","33.3","1977","1840-2003",,"1.7","1889","1840-2003",,"36.8","1995","1840-2003",,"36.8","1995","1840-2003",,"0.0","1840","1840-2003",,"0","1955","1955-2003",
"5","29","21.0","12.2","41.0","34.4","1969","1840-2003",,"-0.6","1889","1840-2003",,"27.9","1916","1840-2003",,"27.9","1916","1840-2003",,"0.0","1840","1840-2003",,"0","1955","1955-2003",
"5","30","21.1","12.4","41.0","33.9","1895","1840-2003",,"-1.1","1845","1840-2003",,"25.7","1942","1840-2003",,"25.7","1942","1840-2003",,"0.0","1840","1840-2003",,"0","1955","1955-2003",
"5","31","21.3","12.5","41.0","33.3","1895","1840-2003",,"0.6","1845","1840-2003",,"51.6","1944","1840-2003",,"51.6","1944","1840-2003",,"0.0","1840","1840-2003",,"0","1955","1955-2003",
"6","1","21.4","12.7","37.0","33.3","1895","1840-2003",,"1.7","1854","1840-2003",,"41.2","1989","1840-2003",,"41.2","1989","1840-2003",,"0.0","1840","1840-2003",,"0","1955","1955-2003",
"6","2","21.6","12.8","37.0","34.4","1934","1840-2003",,"-2.2","1843","1840-2003",,"30.5","1947","1840-2003",,"30.5","1947","1840-2003",,"0.0","1840","1840-2003",,"0","1955","1955-2003",
"6","3","21.7","13.0","37.0","34.4","1919","1840-2003",,"1.1","1850","1840-2003",,"34.5","1882","1840-2003",,"34.5","1882","1840-2003",,"0.0","1840","1840-2003",,"0","1955","1955-2003",
"6","4","21.9","13.1","37.0","32.8","1919","1840-2003",,"1.7","1857","1840-2003",,"22.6","1869","1840-2003",,"22.6","1869","1840-2003",,"0.0","1840","1840-2003",,"0","1955","1955-2003",
"6","5","22.0","13.3","37.0","34.4","1925","1840-2003",,"0.0","1859","1840-2003",,"38.4","1885","1840-2003",,"38.4","1885","1840-2003",,"0.0","1840","1840-2003",,"0","1955","1955-2003",
"6","6","22.2","13.4","37.0","35.0","1925","1840-2003",,"1.1","1842","1840-2003",,"27.4","1931","1840-2003",,"27.4","1931","1840-2003",,"0.0","1840","1840-2003",,"0","1955","1955-2003",
"6","7","22.3","13.6","37.0","32.8","1922","1840-2003",,"1.7","1843","1840-2003",,"27.2","1967","1840-2003",,"27.2","1967","1840-2003",,"0.0","1840","1840-2003",,"0","1955","1955-2003",
"6","8","22.5","13.7","37.0","33.9","1959","1840-2003",,"0.6","1844","1840-2003",,"40.9","1906","1840-2003",,"40.9","1906","1840-2003",,"0.0","1840","1840-2003",,"0","1955","1955-2003",
"6","9","22.6","13.9","37.0","33.9","1959","1840-2003",,"3.9","1862","1840-2003",,"34.8","1922","1840-2003",,"34.8","1922","1840-2003",,"0.0","1840","1840-2003",,"0","1955","1955-2003",
"6","10","22.8","14.0","37.0","33.9","1920","1840-2003",,"-2.2","1842","1840-2003",,"39.4","1872","1840-2003",,"39.4","1872","1840-2003",,"0.0","1840","1840-2003",,"0","1955","1955-2003",
"6","11","22.9","14.1","37.0","33.9","1973","1840-2003",,"1.1","1859","1840-2003",,"59.9","1870","1840-2003",,"59.9","1870","1840-2003",,"0.0","1840","1840-2003",,"0","1955","1955-2003",
"6","12","23.0","14.3","37.0","34.4","1956","1840-2003",,"3.3","1859","1840-2003",,"38.9","1840","1840-2003",,"38.9","1840","1840-2003",,"0.0","1840","1840-2003",,"0","1955","1955-2003",
"6","13","23.2","14.4","37.0","35.0","1956","1840-2003",,"2.8","1848","1840-2003",,"41.4","1996","1840-2003",,"41.4","1996","1840-2003",,"0.0","1840","1840-2003",,"0","1955","1955-2003",
"6","14","23.3","14.6","37.0","35.2","1988","1840-2003",,"2.8","1875","1840-2003",,"32.5","1926","1840-2003",,"32.5","1926","1840-2003",,"0.0","1840","1840-2003",,"0","1955","1955-2003",
"6","15","23.5","14.7","37.0","33.9","1919","1840-2003",,"3.9","1843","1840-2003",,"45.7","1879","1840-2003",,"45.7","1879","1840-2003",,"0.0","1840","1840-2003",,"0","1955","1955-2003",
"6","16","23.6","14.9","37.0","35.0","1913","1840-2003",,"3.9","1854","1840-2003",,"36.8","1922","1840-2003",,"36.8","1922","1840-2003",,"0.0","1840","1840-2003",,"0","1955","1955-2003",
"6","17","23.7","15.0","37.0","33.3","1957","1840-2003",,"4.4","1845","1840-2003",,"34.3","1937","1840-2003",,"34.3","1937","1840-2003",,"0.0","1840","1840-2003",,"0","1955","1955-2003",
"6","18","23.9","15.1","37.0","33.3","1929","1840-2003",,"4.4","1845","1840-2003",,"43.4","1934","1840-2003",,"43.4","1934","1840-2003",,"0.0","1840","1840-2003",,"0","1955","1955-2003",
"6","19","24.0","15.3","37.0","35.6","1995","1840-2003",,"5.0","1842","1840-2003",,"61.5","1892","1840-2003",,"61.5","1892","1840-2003",,"0.0","1840","1840-2003",,"0","1955","1955-2003",
"6","20","24.1","15.4","37.0","35.3","1988","1840-2003",,"3.3","1914","1840-2003",,"38.4","1850","1840-2003",,"38.4","1850","1840-2003",,"0.0","1840","1840-2003",,"0","1955","1955-2003",
"6","21","24.3","15.5","37.0","34.4","1941","1840-2003",,"6.7","1897","1840-2003",,"27.7","1851","1840-2003",,"27.7","1851","1840-2003",,"0.0","1840","1840-2003",,"0","1955","1955-2003",
"6","22","24.4","15.7","37.0","33.9","1910","1840-2003",,"5.6","1862","1840-2003",,"33.5","1951","1840-2003",,"33.5","1951","1840-2003",,"0.0","1840","1840-2003",,"0","1955","1955-2003",
"6","23","24.5","15.8","37.0","33.3","1975","1840-2003",,"5.6","1877","1840-2003",,"38.1","1908","1840-2003",,"38.1","1908","1840-2003",,"0.0","1840","1840-2003",,"0","1955","1955-2003",
"6","24","24.7","15.9","37.0","35.6","1923","1840-2003",,"3.9","1853","1840-2003",,"31.4","2000","1840-2003",,"31.4","2000","1840-2003",,"0.0","1840","1840-2003",,"0","1955","1955-2003",
"6","25","24.8","16.1","37.0","34.4","1943","1840-2003",,"5.6","1853","1840-2003",,"26.9","1902","1840-2003",,"26.9","1902","1840-2003",,"0.0","1840","1840-2003",,"0","1955","1955-2003",
"6","26","24.9","16.2","37.0","34.4","1952","1840-2003",,"6.1","1845","1840-2003",,"23.6","1869","1840-2003",,"23.6","1869","1840-2003",,"0.0","1840","1840-2003",,"0","1955","1955-2003",
"6","27","25.0","16.3","37.0","35.6","1901","1840-2003",,"7.8","1845","1840-2003",,"31.5","1880","1840-2003",,"31.5","1880","1840-2003",,"0.0","1840","1840-2003",,"0","1955","1955-2003",
"6","28","25.2","16.4","37.0","34.4","1941","1840-2003",,"7.2","1865","1840-2003",,"63.5","1957","1840-2003",,"63.5","1957","1840-2003",,"0.0","1840","1840-2003",,"0","1955","1955-2003",
"6","29","25.3","16.6","37.0","34.4","1927","1840-2003",,"5.6","1866","1840-2003",,"33.0","1856","1840-2003",,"33.0","1856","1840-2003",,"0.0","1840","1840-2003",,"0","1955","1955-2003",
"6","30","25.4","16.7","37.0","36.7","1964","1840-2003",,"5.0","1871","1840-2003",,"50.8","1870","1840-2003",,"50.8","1870","1840-2003",,"0.0","1840","1840-2003",,"0","1955","1955-2003",
"7","1","25.5","16.8","33.0","36.7","1911","1840-2002",,"6.7","1874","1840-2002",,"33.0","1842","1840-2002",,"33.0","1842","1840-2002",,"0.0","1840","1840-2002",,"0","1955","1955-2002",
"7","2","25.6","16.9","33.0","38.3","1911","1840-2002",,"6.1","1841","1840-2002",,"24.9","1890","1840-2002",,"24.9","1890","1840-2002",,"0.0","1840","1840-2002",,"0","1955","1955-2002",
"7","3","25.7","17.0","33.0","39.4","1911","1840-2002",,"4.4","1841","1840-2002",,"24.6","1928","1840-2002",,"24.6","1928","1840-2002",,"0.0","1840","1840-2002",,"0","1955","1955-2002",
"7","4","25.8","17.2","33.0","36.7","1919","1840-2002",,"4.4","1844","1840-2002",,"50.3","1878","1840-2002",,"50.3","1878","1840-2002",,"0.0","1840","1840-2002",,"0","1955","1955-2002",
"7","5","25.9","17.3","33.0","36.7","1921","1840-2002",,"6.1","1844","1840-2002",,"34.5","1971","1840-2002",,"34.5","1971","1840-2002",,"0.0","1840","1840-2002",,"0","1955","1955-2002",
"7","6","26.0","17.4","33.0","36.1","1921","1840-2002",,"6.1","1842","1840-2002",,"53.6","1977","1840-2002",,"53.6","1977","1840-2002",,"0.0","1840","1840-2002",,"0","1955","1955-2002",
"7","7","26.1","17.4","33.0","37.2","1988","1840-2002",,"9.4","1855","1840-2002",,"34.8","1874","1840-2002",,"34.8","1874","1840-2002",,"0.0","1840","1840-2002",,"0","1955","1955-2002",
"7","8","26.2","17.5","33.0","40.6","1936","1840-2002",,"7.2","1844","1840-2002",,"33.0","1858","1840-2002",,"33.0","1858","1840-2002",,"0.0","1840","1840-2002",,"0","1955","1955-2002",
"7","9","26.3","17.6","33.0","40.6","1936","1840-2002",,"7.2","1842","1840-2002",,"61.5","1960","1840-2002",,"61.5","1960","1840-2002",,"0.0","1840","1840-2002",,"0","1955","1955-2002",
"7","10","26.3","17.7","33.0","40.6","1936","1840-2002",,"8.9","1841","1840-2002",,"23.9","1975","1840-2002",,"23.9","1975","1840-2002",,"0.0","1840","1840-2002",,"0","1955","1955-2002",
"7","11","26.4","17.8","33.0","35.6","1936","1840-2002",,"6.1","1854","1840-2002",,"43.9","1937","1840-2002",,"43.9","1937","1840-2002",,"0.0","1840","1840-2002",,"0","1955","1955-2002",
"7","12","26.5","17.9","33.0","33.3","1887","1840-2002",,"3.9","1843","1840-2002",,"48.0","1840","1840-2002",,"48.0","1840","1840-2002",,"0.0","1840","1840-2002",,"0","1955","1955-2002",
"7","13","26.5","17.9","33.0","37.8","1936","1840-2002",,"7.2","1854","1840-2002",,"40.4","1972","1840-2002",,"40.4","1972","1840-2002",,"0.0","1840","1840-2002",,"0","1955","1955-2002",
"7","14","26.6","18.0","33.0","35.6","1995","1840-2002",,"7.8","1846","1840-2002",,"32.2","1996","1840-2002",,"32.2","1996","1840-2002",,"0.0","1840","1840-2002",,"0","1955","1955-2002",
"7","15","26.6","18.0","33.0","35.4","1983","1840-2002",,"7.2","1884","1840-2002",,"40.6","1869","1840-2002",,"40.6","1869","1840-2002",,"0.0","1840","1840-2002",,"0","1955","1955-2002",
"7","16","26.7","18.1","33.0","36.1","1887","1840-2002",,"6.1","1853","1840-2002",,"62.2","1941","1840-2002",,"62.2","1941","1840-2002",,"0.0","1840","1840-2002",,"0","1955","1955-2002",
"7","17","26.7","18.1","33.0","36.1","1856","1840-2002",,"7.2","1846","1840-2002",,"69.9","1850","1840-2002",,"69.9","1850","1840-2002",,"0.0","1840","1840-2002",,"0","1955","1955-2002",
"7","18","26.7","18.2","33.0","34.4","1963","1840-2002",,"8.9","1853","1840-2002",,"51.6","1942","1840-2002",,"51.6","1942","1840-2002",,"0.0","1840","1840-2002",,"0","1955","1955-2002",
"7","19","26.7","18.2","33.0","36.1","1854","1840-2002",,"8.9","1871","1840-2002",,"34.0","1862","1840-2002",,"34.0","1862","1840-2002",,"0.0","1840","1840-2002",,"0","1955","1955-2002",
"7","20","26.8","18.3","33.0","36.7","1977","1840-2002",,"6.7","1842","1840-2002",,"42.9","1952","1840-2002",,"42.9","1952","1840-2002",,"0.0","1840","1840-2002",,"0","1955","1955-2002",
"7","21","26.8","18.3","33.0","34.4","1955","1840-2002",,"5.6","1843","1840-2002",,"68.6","1919","1840-2002",,"68.6","1919","1840-2002",,"0.0","1840","1840-2002",,"0","1955","1955-2002",
"7","22","26.8","18.3","33.0","35.0","1955","1840-2002",,"8.9","1886","1840-2002",,"41.7","1840","1840-2002",,"41.7","1840","1840-2002",,"0.0","1840","1840-2002",,"0","1955","1955-2002",
"7","23","26.8","18.3","33.0","34.4","1955","1840-2002",,"8.9","1847","1840-2002",,"40.4","1927","1840-2002",,"40.4","1927","1840-2002",,"0.0","1840","1840-2002",,"0","1955","1955-2002",
"7","24","26.8","18.3","33.0","34.4","1867","1840-2002",,"6.7","1860","1840-2002",,"50.8","1841","1840-2002",,"50.8","1841","1840-2002",,"0.0","1840","1840-2002",,"0","1955","1955-2002",
"7","25","26.8","18.3","33.0","35.0","1941","1840-2002",,"8.3","1920","1840-2002",,"43.4","1950","1840-2002",,"43.4","1950","1840-2002",,"0.0","1840","1840-2002",,"0","1955","1955-2002",
"7","26","26.7","18.4","33.0","35.0","1916","1840-2002",,"5.6","1853","1840-2002",,"51.6","1849","1840-2002",,"51.6","1849","1840-2002",,"0.0","1840","1840-2002",,"0","1955","1955-2002",
"7","27","26.7","18.4","33.0","35.6","1919","1840-2002",,"6.1","1847","1840-2002",,"98.6","1897","1840-2002",,"98.6","1897","1840-2002",,"0.0","1840","1840-2002",,"0","1955","1955-2002",
"7","28","26.7","18.4","33.0","35.0","1941","1840-2002",,"6.7","1847","1840-2002",,"37.8","1981","1840-2002",,"37.8","1981","1840-2002",,"0.0","1840","1840-2002",,"0","1955","1955-2002",
"7","29","26.7","18.3","33.0","36.7","1917","1840-2002",,"8.3","1847","1840-2002",,"47.2","1852","1840-2002",,"47.2","1852","1840-2002",,"0.0","1840","1840-2002",,"0","1955","1955-2002",
"7","30","26.6","18.3","33.0","37.8","1916","1840-2002",,"8.3","1925","1840-2002",,"34.0","1905","1840-2002",,"34.0","1905","1840-2002",,"0.0","1840","1840-2002",,"0","1955","1955-2002",
"7","31","26.6","18.3","33.0","33.3","1917","1840-2002",,"6.7","1842","1840-2002",,"45.2","1977","1840-2002",,"45.2","1977","1840-2002",,"0.0","1840","1840-2002",,"0","1955","1955-2002",
"8","1","26.5","18.3","33.0","36.7","1955","1840-2002",,"7.2","1849","1840-2002",,"36.6","1969","1840-2002",,"36.6","1969","1840-2002",,"0.0","1840","1840-2002",,"0","1955","1955-2002",
"8","2","26.5","18.3","33.0","33.9","1930","1840-2002",,"6.7","1843","1840-2002",,"34.4","1991","1840-2002",,"34.4","1991","1840-2002",,"0.0","1840","1840-2002",,"0","1955","1955-2002",
"8","3","26.4","18.2","33.0","36.1","1936","1840-2002",,"5.6","1845","1840-2002",,"78.5","1915","1840-2002",,"78.5","1915","1840-2002",,"0.0","1840","1840-2002",,"0","1955","1955-2002",
"8","4","26.4","18.2","33.0","35.0","1916","1840-2002",,"9.4","1886","1840-2002",,"87.6","1878","1840-2002",,"87.6","1878","1840-2002",,"0.0","1840","1840-2002",,"0","1955","1955-2002",
"8","5","26.3","18.2","33.0","35.0","1918","1840-2002",,"7.8","1886","1840-2002",,"37.8","1870","1840-2002",,"37.8","1870","1840-2002",,"0.0","1840","1840-2002",,"0","1955","1955-2002",
"8","6","26.2","18.1","33.0","36.7","1900","1840-2002",,"6.7","1869","1840-2002",,"42.4","1968","1840-2002",,"42.4","1968","1840-2002",,"0.0","1840","1840-2002",,"0","1955","1955-2002",
"8","7","26.2","18.1","33.0","38.3","1918","1840-2002",,"7.8","1883","1840-2002",,"24.1","1968","1840-2002",,"24.1","1968","1840-2002",,"0.0","1840","1840-2002",,"0","1955","1955-2002",
"8","8","26.1","18.0","33.0","36.9","2001","1840-2002",,"7.2","1869","1840-2002",,"81.8","1939","1840-2002",,"81.8","1939","1840-2002",,"0.0","1840","1840-2002",,"0","1955","1955-2002",
"8","9","26.0","18.0","33.0","37.2","1949","1840-2002",,"6.1","1851","1840-2002",,"62.0","1891","1840-2002",,"62.0","1891","1840-2002",,"0.0","1840","1840-2002",,"0","1955","1955-2002",
"8","10","25.9","17.9","33.0","36.7","1949","1840-2002",,"7.8","1879","1840-2002",,"41.4","1955","1840-2002",,"41.4","1955","1840-2002",,"0.0","1840","1840-2002",,"0","1955","1955-2002",
"8","11","25.9","17.9","33.0","35.6","1944","1840-2002",,"7.8","1841","1840-2002",,"59.4","1841","1840-2002",,"59.4","1841","1840-2002",,"0.0","1840","1840-2002",,"0","1955","1955-2002",
"8","12","25.8","17.8","33.0","35.0","1874","1840-2002",,"6.7","1844","1840-2002",,"54.6","1866","1840-2002",,"54.6","1866","1840-2002",,"0.0","1840","1840-2002",,"0","1955","1955-2002",
"8","13","25.7","17.7","33.0","38.9","1918","1840-2002",,"7.2","1865","1840-2002",,"63.8","1955","1840-2002",,"63.8","1955","1840-2002",,"0.0","1840","1840-2002",,"0","1955","1955-2002",
"8","14","25.6","17.6","33.0","34.4","1959","1840-2002",,"6.7","1851","1840-2002",,"25.2","1995","1840-2002",,"25.2","1995","1840-2002",,"0.0","1840","1840-2002",,"0","1955","1955-2002",
"8","15","25.5","17.6","33.0","34.4","1965","1840-2002",,"7.8","1880","1840-2002",,"93.5","1905","1840-2002",,"93.5","1905","1840-2002",,"0.0","1840","1840-2002",,"0","1955","1955-2002",
"8","16","25.4","17.5","33.0","33.9","1922","1840-2002",,"6.7","1880","1840-2002",,"33.3","1919","1840-2002",,"33.3","1919","1840-2002",,"0.0","1840","1840-2002",,"0","1955","1955-2002",
"8","17","25.3","17.4","33.0","33.3","1913","1840-2002",,"6.1","1855","1840-2002",,"37.6","1950","1840-2002",,"37.6","1950","1840-2002",,"0.0","1840","1840-2002",,"0","1955","1955-2002",
"8","18","25.2","17.3","33.0","35.0","1867","1840-2002",,"4.4","1855","1840-2002",,"31.2","1841","1840-2002",,"31.2","1841","1840-2002",,"0.0","1840","1840-2002",,"0","1955","1955-2002",
"8","19","25.1","17.2","33.0","33.3","1899","1840-2002",,"7.2","1847","1840-2002",,"25.2","1982","1840-2002",,"25.2","1982","1840-2002",,"0.0","1840","1840-2002",,"0","1955","1955-2002",
"8","20","25.0","17.1","33.0","35.6","1916","1840-2002",,"5.6","1896","1840-2002",,"42.7","1904","1840-2002",,"42.7","1904","1840-2002",,"0.0","1840","1840-2002",,"0","1955","1955-2002",
"8","21","24.9","17.0","33.0","36.7","1916","1840-2002",,"7.2","1897","1840-2002",,"49.5","1918","1840-2002",,"49.5","1918","1840-2002",,"0.0","1840","1840-2002",,"0","1955","1955-2002",
"8","22","24.7","16.9","33.0","36.1","1916","1840-2002",,"6.1","1895","1840-2002",,"69.6","1968","1840-2002",,"69.6","1968","1840-2002",,"0.0","1840","1840-2002",,"0","1955","1955-2002",
"8","23","24.6","16.8","33.0","32.8","1898","1840-2002",,"6.1","1908","1840-2002",,"57.2","1975","1840-2002",,"57.2","1975","1840-2002",,"0.0","1840","1840-2002",,"0","1955","1955-2002",
"8","24","24.5","16.7","33.0","37.8","1854","1840-2002",,"5.6","1866","1840-2002",,"44.8","1982","1840-2002",,"44.8","1982","1840-2002",,"0.0","1840","1840-2002",,"0","1955","1955-2002",
"8","25","24.4","16.6","33.0","38.3","1948","1840-2002",,"5.6","1856","1840-2002",,"26.9","1892","1840-2002",,"26.9","1892","1840-2002",,"0.0","1840","1840-2002",,"0","1955","1955-2002",
"8","26","24.2","16.5","33.0","36.7","1948","1840-2002",,"5.6","1851","1840-2002",,"55.2","1986","1840-2002",,"55.2","1986","1840-2002",,"0.0","1840","1840-2002",,"0","1955","1955-2002",
"8","27","24.1","16.3","33.0","35.0","1953","1840-2002",,"4.4","1870","1840-2002",,"82.6","1843","1840-2002",,"82.6","1843","1840-2002",,"0.0","1840","1840-2002",,"0","1955","1955-2002",
"8","28","24.0","16.2","33.0","37.8","1948","1840-2002",,"6.1","1885","1840-2002",,"37.6","1950","1840-2002",,"37.6","1950","1840-2002",,"0.0","1840","1840-2002",,"0","1955","1955-2002",
"8","29","23.8","16.1","33.0","35.0","1953","1840-2002",,"5.5","1982","1840-2002",,"35.8","1893","1840-2002",,"35.8","1893","1840-2002",,"0.0","1840","1840-2002",,"0","1955","1955-2002",
"8","30","23.7","15.9","33.0","36.1","1953","1840-2002",,"5.6","1912","1840-2002",,"60.7","1970","1840-2002",,"60.7","1970","1840-2002",,"0.0","1840","1840-2002",,"0","1955","1955-2002",
"8","31","23.5","15.8","33.0","35.0","1932","1840-2002",,"4.4","1915","1840-2002",,"55.6","1901","1840-2002",,"55.6","1901","1840-2002",,"0.0","1840","1840-2002",,"0","1955","1955-2002",
"9","1","23.4","15.7","37.0","33.9","1953","1840-2002",,"5.6","1856","1840-2002",,"44.7","1899","1840-2002",,"44.7","1899","1840-2002",,"0.0","1840","1840-2002",,"0","1955","1955-2002",
"9","2","23.2","15.5","37.0","37.8","1953","1840-2002",,"3.3","1885","1840-2002",,"43.9","1930","1840-2002",,"43.9","1930","1840-2002",,"0.0","1840","1840-2002",,"0","1955","1955-2002",
"9","3","23.1","15.4","37.0","34.4","1929","1841-2002",,"3.9","1862","1841-2002",,"36.0","1981","1840-2002",,"36.0","1981","1840-2002",,"0.0","1840","1840-2002",,"0","1955","1955-2002",
"9","4","22.9","15.2","37.0","33.9","1953","1841-2002",,"3.9","1883","1841-2002",,"28.6","1981","1841-2002",,"28.6","1981","1841-2002",,"0.0","1841","1841-2002",,"0","1955","1955-2002",
"9","5","22.8","15.1","37.0","34.4","1854","1841-2002",,"5.0","1902","1841-2002",,"37.8","1910","1841-2002",,"37.8","1910","1841-2002",,"0.0","1841","1841-2002",,"0","1955","1955-2002",
"9","6","22.6","14.9","37.0","33.9","1854","1840-2002",,"5.0","1883","1840-2002",,"50.5","1853","1840-2002",,"50.5","1853","1840-2002",,"0.0","1840","1840-2002",,"0","1955","1955-2002",
"9","7","22.4","14.7","37.0","32.2","1881","1840-2002",,"4.4","1848","1840-2002",,"76.6","1996","1840-2002",,"76.6","1996","1840-2002",,"0.0","1840","1840-2002",,"0","1955","1955-2002",
"9","8","22.3","14.6","37.0","35.0","1919","1840-2002",,"3.9","1883","1840-2002",,"43.4","1854","1840-2002",,"43.4","1854","1840-2002",,"0.0","1840","1840-2002",,"0","1955","1955-2002",
"9","9","22.1","14.4","37.0","33.9","1959","1840-2002",,"1.7","1883","1840-2002",,"67.3","1847","1840-2002",,"67.3","1847","1840-2002",,"0.0","1840","1840-2002",,"0","1955","1955-2002",
"9","10","21.9","14.3","37.0","35.0","1931","1840-2002",,"1.1","1883","1840-2002",,"82.0","1986","1840-2002",,"82.0","1986","1840-2002",,"0.0","1840","1840-2002",,"0","1955","1955-2002",
"9","11","21.7","14.1","37.0","35.6","1931","1840-2002",,"2.2","1853","1840-2002",,"29.5","1890","1840-2002",,"29.5","1890","1840-2002",,"0.0","1840","1840-2002",,"0","1955","1955-2002",
"9","12","21.5","13.9","37.0","32.8","1931","1840-2002",,"1.7","1850","1840-2002",,"36.8","1915","1840-2002",,"36.8","1915","1840-2002",,"0.0","1840","1840-2002",,"0","1955","1955-2002",
"9","13","21.3","13.8","37.0","32.8","1931","1840-2002",,"2.2","1852","1840-2002",,"78.5","1878","1840-2002",,"78.5","1878","1840-2002",,"0.0","1840","1840-2002",,"0","1955","1955-2002",
"9","14","21.1","13.6","37.0","32.8","1865","1840-2002",,"1.1","1911","1840-2002",,"87.9","1843","1840-2002",,"87.9","1843","1840-2002",,"0.0","1840","1840-2002",,"0","1955","1955-2002",
"9","15","21.0","13.4","37.0","32.3","1991","1840-2002",,"1.1","1873","1840-2002",,"58.2","1870","1840-2002",,"58.2","1870","1840-2002",,"0.0","1840","1840-2002",,"0","1955","1955-2002",
"9","16","20.8","13.2","37.0","33.3","1939","1840-2002",,"1.1","1845","1840-2002",,"60.5","1888","1840-2002",,"60.5","1888","1840-2002",,"0.0","1840","1840-2002",,"0","1955","1955-2002",
"9","17","20.5","13.0","37.0","32.2","1948","1840-2002",,"2.2","1873","1840-2002",,"64.5","1855","1840-2002",,"64.5","1855","1840-2002",,"0.0","1840","1840-2002",,"0","1955","1955-2002",
"9","18","20.3","12.8","37.0","31.1","1882","1840-2002",,"2.2","1855","1840-2002",,"52.6","1945","1840-2002",,"52.6","1945","1840-2002",,"0.0","1840","1840-2002",,"0","1955","1955-2002",
"9","19","20.1","12.7","37.0","31.7","1955","1840-2002",,"1.7","1842","1840-2002",,"31.6","2001","1840-2002",,"31.6","2001","1840-2002",,"0.0","1840","1840-2002",,"0","1955","1955-2002",
"9","20","19.9","12.5","37.0","31.1","1895","1840-2002",,"2.2","1863","1840-2002",,"29.5","1852","1840-2002",,"29.5","1852","1840-2002",,"0.0","1840","1840-2002",,"0","1955","1955-2002",
"9","21","19.7","12.3","37.0","31.7","1895","1840-2002",,"-1.1","1840","1840-2002",,"33.0","1967","1840-2002",,"33.0","1967","1840-2002",,"0.0","1840","1840-2002",,"0","1955","1955-2002",
"9","22","19.5","12.1","37.0","31.1","1931","1840-2002",,"-2.2","1842","1840-2002",,"47.4","1989","1840-2002",,"47.4","1989","1840-2002",,"0.0","1840","1840-2002",,"0","1955","1955-2002",
"9","23","19.3","11.9","37.0","30.6","1936","1840-2002",,"-1.7","1896","1840-2002",,"29.2","1931","1840-2002",,"29.2","1931","1840-2002",,"0.0","1840","1840-2002",,"0","1955","1955-2002",
"9","24","19.0","11.7","37.0","28.3","1920","1840-2002",,"0.0","1851","1840-2002",,"59.9","1977","1840-2002",,"59.9","1977","1840-2002",,"0.0","1840","1840-2002",,"0","1955","1955-2002",
"9","25","18.8","11.5","37.0","31.1","1891","1840-2002",,"1.1","1879","1840-2002",,"48.5","1866","1840-2002",,"48.5","1866","1840-2002",,"0.0","1840","1840-2002",,"0","1955","1955-2002",
"9","26","18.6","11.3","37.0","30.0","1900","1840-2002",,"-1.1","1848","1840-2002",,"31.8","1880","1840-2002",,"31.8","1880","1840-2002",,"0.0","1840","1840-2002",,"0","1955","1955-2002",
"9","27","18.3","11.1","37.0","28.3","1920","1840-2002",,"-2.2","1844","1840-2002",,"47.2","1861","1840-2002",,"47.2","1861","1840-2002",,"0.0","1840","1840-2002",,"0","1955","1955-2002",
"9","28","18.1","10.9","37.0","28.9","1959","1840-2002",,"-1.1","1850","1840-2002",,"36.6","1967","1840-2002",,"36.6","1967","1840-2002",,"0.0","1840","1840-2002",,"0","1955","1955-2002",
"9","29","17.8","10.6","37.0","27.2","1905","1840-2002",,"-1.1","1850","1840-2002",,"52.4","1999","1840-2002",,"52.4","1999","1840-2002",,"0.0","1840","1840-2002",,"0","1955","1955-2002",
"9","30","17.6","10.4","37.0","28.3","1905","1840-2002",,"-1.7","1860","1840-2002",,"31.8","1840","1840-2002",,"31.8","1840","1840-2002",,"0.0","1840","1840-2002",,"0","1955","1955-2002",
"10","1","17.3","10.2","38.0","29.0","2002","1840-2002",,"-0.6","1867","1840-2002",,"32.3","1915","1840-2006",,"32.3","1915","1840-2006",,"0.8","1920","1840-2006",,"0","1955","1955-2006",
"10","2","17.1","10.0","38.0","26.7","1971","1840-2002",,"-2.8","1899","1840-2002",,"17.3","1905","1840-2005",,"17.3","1905","1840-2005",,"0.0","1840","1840-2006",,"0","1955","1955-2006",
"10","3","16.8","9.8","38.0","27.2","1891","1840-2002",,"-2.2","1899","1840-2002",,"52.1","1890","1840-2005",,"52.1","1890","1840-2005",,"0.0","1840","1840-2006",,"0","1955","1955-2006",
"10","4","16.6","9.6","38.0","27.8","1884","1840-2002",,"-1.1","1854","1840-2002",,"27.2","1867","1840-2005",,"27.2","1867","1840-2005",,"0.0","1840","1840-2006",,"0","1955","1955-2006",
"10","5","16.4","9.4","38.0","28.3","1922","1840-2002",,"-2.2","1881","1840-2002",,"57.2","1995","1840-2006",,"57.2","1995","1840-2006",,"0.0","1840","1840-2006",,"0","1955","1955-2006",
"10","6","16.1","9.2","38.0","28.9","1900","1840-2002",,"-3.3","1853","1840-2002",,"33.3","1875","1840-2006",,"33.3","1875","1840-2006",,"0.5","1889","1840-2006",,"0","1955","1955-2006",
"10","7","15.9","9.0","38.0","30.0","1963","1840-2002",,"-2.8","1935","1840-2002",,"80.3","1849","1840-2006",,"80.3","1849","1840-2006",,"0.0","1840","1840-2006",,"0","1955","1955-2006",
"10","8","15.6","8.8","38.0","29.4","1916","1840-2002",,"-2.2","1844","1840-2002",,"28.4","1977","1840-2006",,"28.4","1977","1840-2006",,"0.0","1840","1840-2006",,"0","1955","1955-2006",
"10","9","15.4","8.6","38.0","26.1","1920","1840-2002",,"-2.8","1876","1840-2002",,"42.2","1950","1840-2006",,"42.2","1950","1840-2006",,"0.0","1840","1840-2006",,"0","1955","1955-2006",
"10","10","15.2","8.4","38.0","26.7","1919","1840-2002",,"-2.8","1925","1840-2002",,"24.6","1921","1840-2005",,"24.6","1921","1840-2005",,"0.0","1840","1840-2006",,"0","1955","1955-2006",
"10","11","14.9","8.2","38.0","27.8","1938","1840-2002",,"-5.0","1855","1840-2002",,"33.8","1950","1840-2004",,"33.8","1950","1840-2004",,"2.0","1906","1840-2006",,"0","1955","1955-2006",
"10","12","14.7","8.0","38.0","28.9","1928","1840-2002",,"-3.9","1876","1840-2002",,"26.7","1927","1840-2006",,"26.7","1927","1840-2006",,"0.8","1932","1840-2006",,"0","1955","1955-2006",
"10","13","14.5","7.8","38.0","24.2","1995","1840-2002",,"-4.4","1852","1840-2002",,"49.0","1885","1840-2004",,"49.0","1885","1840-2004",,"0.0","1840","1840-2006",,"0","1955","1955-2006",
"10","14","14.2","7.6","38.0","26.1","1935","1840-2002",,"-3.9","1876","1840-2002",,"32.0","1893","1840-2005",,"32.0","1893","1840-2005",,"0.3","1876","1840-2006",,"0","1955","1955-2006",
"10","15","14.0","7.4","38.0","28.9","1897","1840-2002",,"-5.0","1876","1840-2002",,"86.9","1954","1840-2006",,"86.9","1954","1840-2006",,"0.0","1840","1840-2006",,"0","1955","1955-2006",
"10","16","13.8","7.2","38.0","26.7","1897","1840-2002",,"-3.9","1855","1840-2002",,"17.0","1943","1840-2006",,"17.0","1943","1840-2006",,"0.0","1840","1840-2006",,"0","1955","1955-2006",
"10","17","13.5","7.1","38.0","26.1","1938","1840-2002",,"-3.3","1886","1840-2002",,"54.6","1842","1840-2006",,"54.6","1842","1840-2006",,"8.4","1875","1840-2006",,"0","1955","1955-2006",
"10","18","13.3","6.9","38.0","25.6","1908","1840-2002",,"-5.0","1846","1840-2002",,"29.7","1937","1840-2006",,"29.7","1937","1840-2006",,"0.3","1926","1840-2006",,"0","1955","1955-2006",
"10","19","13.1","6.7","38.0","23.9","1939","1840-2002",,"-3.9","1874","1840-2002",,"54.9","1906","1840-2006",,"54.9","1906","1840-2006",,"2.0","1952","1840-2006",,"0","1955","1955-2006",
"10","20","12.9","6.5","38.0","24.4","1947","1840-2002",,"-3.9","1872","1840-2002",,"21.4","1995","1840-2006",,"21.4","1995","1840-2006",,"0.5","1888","1840-2006",,"0","1955","1955-2006",
"10","21","12.7","6.4","38.0","27.2","1920","1840-2002",,"-6.1","1845","1840-2002",,"37.1","1965","1840-2006",,"37.1","1965","1840-2006",,"12.2","1969","1840-2006",,"13","1969","1955-2006",
"10","22","12.4","6.2","38.0","23.9","1920","1840-2002",,"-6.7","1845","1840-2002",,"39.9","1929","1840-2006",,"39.9","1929","1840-2006",,"1.3","1880","1840-2006",,"3","1969","1955-2006",
"10","23","12.2","6.0","38.0","22.8","1901","1840-2002",,"-6.1","1845","1840-2002",,"46.7","1957","1840-2006",,"46.7","1957","1840-2006",,"5.6","1880","1840-2006",,"0","1955","1955-2006",
"10","24","12.0","5.9","38.0","22.2","1963","1840-2002",,"-6.1","1841","1840-2002",,"22.4","1917","1840-2006",,"22.4","1917","1840-2006",,"0.3","1879","1840-2006",,"0","1955","1955-2006",
"10","25","11.8","5.7","38.0","22.2","1963","1840-2002",,"-6.1","1879","1840-2002",,"33.2","1980","1840-2006",,"33.2","1980","1840-2006",,"2.0","1962","1840-2006",,"0","1955","1955-2006",
"10","26","11.6","5.5","38.0","24.4","1964","1840-2002",,"-6.1","1887","1840-2002",,"32.8","1872","1840-2006",,"32.8","1872","1840-2006",,"5.1","1865","1840-2006",,"0","1955","1955-2006",
"10","27","11.4","5.4","38.0","21.7","1947","1840-2002",,"-7.2","1869","1840-2002",,"25.1","1920","1840-2006",,"25.1","1920","1840-2006",,"3.0","1911","1840-2006",,"0","1955","1955-2006",
"10","28","11.2","5.2","38.0","25.0","1927","1840-2002",,"-5.6","1891","1840-2002",,"43.9","1973","1840-2006",,"43.9","1973","1840-2006",,"9.4","1925","1840-2006",,"0","1955","1955-2006",
"10","29","10.9","5.1","38.0","22.2","1946","1840-2002",,"-5.6","1850","1840-2002",,"46.5","1852","1840-2006",,"46.5","1852","1840-2006",,"3.6","1895","1840-2006",,"0","1955","1955-2006",
"10","30","10.7","4.9","38.0","22.8","1950","1840-2002",,"-7.2","1887","1840-2002",,"24.6","1863","1840-2006",,"24.6","1863","1840-2006",,"4.1","1906","1840-2006",,"0","1955","1955-2006",
"10","31","10.5","4.8","38.0","22.8","1919","1840-2002",,"-8.9","1844","1840-2002",,"22.1","1868","1840-2006",,"22.1","1868","1840-2006",,"1.3","1875","1840-2006",,"0","1955","1955-2006",
"11","1","10.4","4.7","43.0","23.9","1950","1840-2002",,"-4.4","1844","1840-2002",,"39.9","1929","1847-2014",,"39.9","1929","1840-2014",,"4.6","1911","1847-2014",,"0","1955","1955-2014",
"11","2","10.2","4.5","43.0","21.1","1971","1840-2002",,"-5.0","1887","1840-2002",,"79.5","1861","1847-2014",,"79.5","1861","1840-2014",,"14.0","1951","1847-2014",,"0","1955","1955-2014",
"11","3","10.0","4.4","43.0","23.3","1961","1840-2002",,"-6.7","1875","1840-2002",,"41.2","1985","1847-2014",,"41.2","1985","1840-2014",,"6.9","1950","1847-2014",,"0","1955","1955-2014",
"11","4","9.7","4.2","43.0","20.6","1903","1840-2002",,"-9.4","1854","1840-2002",,"41.2","1985","1847-2014",,"41.2","1985","1840-2014",,"7.8","1983","1847-2014",,"1","1983","1955-2014",
"11","5","9.5","4.1","43.0","19.4","1863","1840-2002",,"-9.4","1854","1840-2002",,"24.4","1990","1847-2014",,"24.4","1990","1840-2014",,"6.4","1878","1847-2014",,"0","1955","1955-2014",
"11","6","9.3","3.9","43.0","18.9","1924","1840-2002",,"-8.3","1951","1840-2002",,"50.5","1951","1847-2014",,"43.4","1951","1840-2014",,"7.1","1886","1847-2014",,"0","1955","1955-2014",
"11","7","9.1","3.7","43.0","20.6","1938","1840-2002",,"-6.7","1930","1840-2002",,"60.2","1977","1847-2014",,"60.2","1977","1840-2014",,"16.8","1953","1847-2014",,"0","1955","1955-2014",
"11","8","8.9","3.6","43.0","21.1","1975","1840-2002",,"-6.1","1976","1840-2002",,"34.5","1877","1847-2014",,"36.8","1846","1840-2014",,"2.0","1921","1847-2014",,"0","1955","1955-2014",
"11","9","8.7","3.4","43.0","22.5","1999","1840-2002",,"-8.3","1850","1840-2002",,"43.4","1913","1847-2014",,"41.7","1913","1840-2014",,"14.2","1921","1847-2014",,"3","1961","1955-2014",
"11","10","8.5","3.2","43.0","17.8","1931","1840-2002",,"-8.9","1848","1840-2002",,"64.3","1962","1847-2014",,"64.3","1962","1840-2014",,"14.0","1898","1847-2014",,"0","1955","1955-2014",
"11","11","8.3","3.1","43.0","17.8","1882","1840-2002",,"-7.2","1898","1840-2002",,"44.7","1940","1847-2014",,"44.7","1940","1840-2014",,"12.2","1933","1847-2014",,"0","1955","1955-2014",
"11","12","8.1","2.9","43.0","18.3","1902","1840-2002",,"-8.3","1894","1840-2002",,"31.2","1881","1847-2014",,"31.2","1881","1840-2014",,"5.1","1959","1847-2014",,"3","1983","1955-2014",
"11","13","7.9","2.7","43.0","16.1","1964","1840-2002",,"-10.0","1873","1840-2002",,"26.4","1925","1847-2014",,"26.4","1925","1840-2014",,"18.4","1997","1847-2014",,"5","1959","1955-2014",
"11","14","7.7","2.6","43.0","17.9","1994","1840-2002",,"-11.7","1873","1840-2002",,"59.2","1871","1847-2014",,"58.7","1871","1840-2014",,"8.9","1875","1847-2014",,"18","1997","1955-2014",
"11","15","7.5","2.4","43.0","18.3","1928","1840-2002",,"-13.9","1933","1840-2002",,"37.0","2006","1847-2014",,"37.0","2006","1840-2014",,"11.2","1881","1847-2014",,"19","1997","1955-2014",
"11","16","7.3","2.2","43.0","16.1","1931","1840-2002",,"-13.9","1933","1840-2002",,"43.2","1869","1847-2014",,"35.6","1869","1840-2014",,"15.2","1932","1847-2014",,"20","1997","1955-2014",
"11","17","7.1","2.0","43.0","17.2","1865","1840-2002",,"-9.4","1924","1840-2002",,"56.6","1868","1847-2014",,"56.6","1868","1840-2014",,"15.7","1920","1847-2014",,"16","1997","1955-2014",
"11","18","6.9","1.8","43.0","19.4","1958","1840-2002",,"-10.6","1924","1840-2002",,"37.3","1859","1847-2014",,"37.3","1859","1840-2014",,"5.1","1879","1847-2014",,"14","1997","1955-2014",
"11","19","6.7","1.6","43.0","18.9","1941","1840-2002",,"-12.8","1841","1840-2002",,"34.8","1948","1847-2014",,"34.8","1948","1840-2014",,"7.6","2008","1847-2014","","11","1997","1955-2014",
"11","20","6.5","1.5","43.0","17.8","1942","1840-2002",,"-12.8","1879","1840-2002",,"70.4","1851","1847-2014",,"70.4","1851","1840-2014",,"14.0","1986","1847-2014",,"9","1997","1955-2014",
"11","21","6.3","1.3","43.0","17.8","1931","1840-2002",,"-15.6","1879","1840-2002",,"31.5","1952","1847-2014",,"31.5","1952","1840-2014",,"6.6","1896","1847-2014",,"13","1986","1955-2014",
"11","22","6.1","1.1","43.0","17.8","1953","1840-2002",,"-15.6","1880","1840-2002",,"42.4","1909","1847-2014",,"41.4","1909","1840-2014",,"14.0","1869","1847-2014",,"11","1986","1955-2014",
"11","23","5.9","0.9","43.0","18.9","1931","1840-2002",,"-15.6","1880","1840-2002",,"21.3","1891","1847-2014",,"21.3","1891","1840-2014",,"6.4","1857","1847-2014",,"7","1986","1955-2014",
"11","24","5.7","0.7","43.0","17.2","1931","1840-2002",,"-19.4","1857","1840-2002",,"31.2","1950","1847-2014",,"28.2","1877","1840-2014",,"30.5","1950","1847-2014",,"4","2005","1955-2014",
"11","25","5.5","0.5","43.0","14.4","1908","1840-2002",,"-20.0","1857","1840-2002",,"33.4","1987","1847-2014",,"30.0","1895","1840-2014",,"11.9","1851","1847-2014",,"5","2003","1955-2014",
"11","26","5.3","0.3","43.0","17.8","1908","1840-2002",,"-15.6","1949","1840-2002",,"17.8","1926","1847-2014",,"17.8","1926","1840-2014",,"13.5","1940","1847-2014",,"4","2005","1955-2014",
"11","27","5.1","0.1","43.0","16.4","1990","1840-2002",,"-15.0","1936","1840-2002",,"54.0","1993","1847-2014",,"54.0","1993","1840-2014",,"24.1","1873","1847-2014",,"9","1978","1955-2014",
"11","28","4.9","-0.2","43.0","17.2","1984","1840-2002",,"-17.2","1873","1840-2002",,"25.9","1864","1847-2014",,"25.9","1864","1840-2014",,"17.8","1958","1847-2014",,"9","1978","1955-2014",
"11","29","4.7","-0.5","43.0","15.6","1864","1840-2002",,"-18.9","1875","1840-2002",,"33.7","2011","1847-2014","","33.7","2011","1840-2014","","12.7","1971","1847-2014",,"18","1958","1955-2014",
"11","30","4.5","-0.7","43.0","17.6","1991","1840-2002",,"-20.6","1875","1840-2002",,"34.3","1923","1847-2014",,"34.3","1923","1840-2014",,"17.3","1940","1847-2014",,"15","1958","1955-2014",
"12","1","4.3","-0.8","43.0","15.6","1922","1840-2002",,"-18.9","1875","1840-2002",,"27.9","1875","1847-2014",,"26.7","2006","1840-2014",,"27.9","1875","1847-2014",,"15","1958","1955-2014",
"12","2","4.1","-1.0","43.0","15.2","1998","1840-2002",,"-17.2","1930","1840-2002",,"32.5","1848","1847-2014",,"32.5","1848","1840-2014",,"14.7","1856","1847-2014",,"20","1979","1955-2014",
"12","3","3.9","-1.2","43.0","19.9","1982","1840-2002",,"-18.9","1940","1840-2002",,"38.6","1990","1847-2014",,"46.0","1841","1840-2014",,"27.9","1890","1847-2014",,"16","1979","1955-2014",
"12","4","3.7","-1.4","43.0","15.9","1998","1840-2002",,"-18.9","1935","1840-2002",,"19.6","1887","1847-2014",,"19.6","1887","1840-2014",,"15.2","1898","1847-2014",,"11","1979","1955-2014",
"12","5","3.5","-1.7","43.0","17.5","2001","1840-2002",,"-17.2","1886","1840-2002",,"49.5","1870","1847-2014",,"49.5","1870","1840-2014",,"25.4","1898","1847-2014",,"10","1976","1955-2014",
"12","6","3.3","-1.9","43.0","16.8","1998","1840-2002",,"-16.7","1926","1840-2002",,"31.8","1962","1847-2014",,"31.8","1962","1840-2014",,"9.4","1906","1847-2014",,"20","1977","1955-2014",
"12","7","3.1","-2.1","43.0","13.9","1951","1840-2002",,"-20.6","1885","1840-2002",,"20.0","2004","1847-2014",,"20.0","2004","1840-2014",,"7.6","1868","1847-2014",,"20","1977","1955-2014",
"12","8","3.0","-2.3","43.0","15.6","1966","1840-2002",,"-22.2","1906","1840-2002",,"28.7","1866","1847-2014",,"28.4","1866","1840-2014",,"24.6","1977","1847-2014",,"20","1977","1955-2014",
"12","9","2.8","-2.5","43.0","14.4","1946","1840-2002",,"-19.4","1876","1840-2002",,"28.7","1878","1847-2014",,"44.5","1841","1840-2014",,"10.2","1864","1847-2014",,"33","1977","1955-2014",
"12","10","2.6","-2.6","43.0","14.4","1971","1840-2002",,"-23.3","1876","1840-2002",,"30.7","1966","1847-2014",,"28.7","1966","1840-2014",,"22.0","1992","1847-2014",,"33","1977","1955-2014",
"12","11","2.5","-2.8","43.0","13.3","1979","1840-2002",,"-17.8","1917","1840-2002",,"48.3","1944","1847-2014",,"30.5","1899","1840-2014",,"48.3","1944","1847-2014",,"33","1977","1955-2014",
"12","12","2.3","-3.0","43.0","13.9","1949","1840-2002",,"-22.8","1867","1840-2002",,"41.7","1972","1847-2014",,"35.3","1972","1840-2014",,"14.5","1963","1847-2014",,"41","1977","1955-2014",
"12","13","2.1","-3.2","43.0","12.6","2001","1840-2002",,"-25.0","1867","1840-2002",,"27.9","1909","1847-2014",,"27.9","1909","1840-2014",,"17.8","1873","1847-2014",,"36","1977","1955-2014",
"12","14","2.0","-3.4","43.0","13.9","1901","1840-2002",,"-21.7","1860","1840-2002",,"31.5","1901","1847-2014",,"27.2","1897","1840-2014",,"28.5","2013","1847-2014","","33","2000","1955-2014",
"12","15","1.8","-3.6","43.0","11.7","1971","1840-2002",,"-22.2","1874","1840-2002",,"35.8","1869","1847-2014",,"35.8","1869","1840-2014",,"18.3","1972","1847-2014",,"32","2000","1955-2014",
"12","16","1.7","-3.8","43.0","15.0","1984","1840-2002",,"-19.4","1876","1840-2002",,"25.4","2007","1847-2014","","19.6","1996","1840-2014",,"25.0","2007","1847-2014","","30","2000","1955-2014",
"12","17","1.5","-3.9","43.0","9.4","1877","1840-2002",,"-22.8","1856","1840-2002",,"22.9","1921","1847-2014",,"22.9","1921","1840-2014",,"16.5","1876","1847-2014",,"35","2007","1955-2014",""
"12","18","1.4","-4.1","43.0","9.4","1921","1840-2002",,"-22.8","1856","1840-2002",,"18.0","1977","1847-2014",,"18.0","1977","1840-2014",,"18.0","1979","1847-2014",,"23","2007","1955-2014",""
"12","19","1.2","-4.3","43.0","12.8","1957","1840-2002",,"-25.0","1875","1840-2002",,"32.3","1860","1847-2014",,"32.3","1860","1840-2014",,"20.3","1973","1847-2014",,"22","2007","1955-2014",""
"12","20","1.1","-4.4","43.0","13.3","1957","1840-2002",,"-27.2","1942","1840-2002",,"21.3","1949","1847-2014",,"21.3","1949","1840-2014",,"14.5","1951","1847-2014",,"21","2008","1955-2014",""
"12","21","1.0","-4.6","43.0","13.3","1967","1840-2002",,"-29.4","1871","1840-2002",,"28.2","1905","1847-2014",,"28.2","1905","1840-2014",,"25.4","1864","1847-2014",,"29","2008","1955-2014",""
"12","22","0.8","-4.8","43.0","13.3","1949","1840-2002",,"-25.6","1872","1840-2002",,"21.5","1990","1847-2014",,"20.0","1990","1840-2014",,"18.0","2004","1847-2014",,"28","2008","1955-2014",""
"12","23","0.7","-4.9","43.0","13.3","1957","1840-2002",,"-23.3","1864","1840-2002",,"29.0","1907","1847-2014",,"22.2","1996","1840-2014",,"13.0","1913","1847-2014",,"26","2008","1955-2014",""
"12","24","0.6","-5.1","43.0","11.7","1932","1840-2002",,"-22.8","1840","1840-2002",,"35.0","1986","1847-2014",,"35.0","1986","1840-2014",,"17.8","1884","1847-2014",,"36","2008","1955-2014",""
"12","25","0.5","-5.2","43.0","16.7","1982","1840-2002",,"-26.1","1851","1840-2002",,"38.1","1872","1847-2014",,"31.5","1979","1840-2014",,"38.1","1872","1847-2014",,"24","2000","1955-2014",
"12","26","0.3","-5.4","43.0","8.9","1895","1840-2002",,"-22.2","1892","1840-2002",,"24.4","1875","1847-2014",,"21.8","1875","1840-2014",,"22.9","1933","1847-2014",,"23","2000","1955-2014",
"12","27","0.2","-5.5","43.0","11.7","1936","1840-2002",,"-25.6","1872","1840-2002",,"37.1","1942","1847-2014",,"37.1","1942","1840-2014",,"16.3","1938","1847-2014",,"23","1975","1955-2014",
"12","28","0.1","-5.7","43.0","16.2","1982","1840-2002",,"-23.3","1903","1840-2002",,"28.7","1968","1847-2014",,"13.2","1863","1840-2014",,"28.7","1968","1847-2014",,"33","1968","1955-2014",
"12","29","0.0","-5.8","43.0","15.5","1984","1840-2002",,"-30.0","1933","1840-2002",,"38.1","1855","1847-2014",,"34.0","1940","1840-2014",,"38.1","1855","1847-2014",,"23","1968","1955-2014",
"12","30","-0.1","-6.0","43.0","11.1","1936","1840-2002",,"-23.9","1917","1840-2002",,"31.8","1907","1847-2014",,"26.2","1936","1840-2014",,"16.5","1853","1847-2014",,"26","2000","1955-2014",
"12","31","-0.2","-6.1","43.0","16.1","1875","1840-2002",,"-22.2","1962","1840-2002",,"25.1","1906","1847-2014",,"25.1","1906","1840-2014",,"20.3","1852","1847-2014",,"32","2000","1955-2014",
